n_total,jornal,n_materia,codigo,codigo_triado,amb_bras,qual_amb,,
1,eco,1,eco_001,eco_001,sim,amazonia,,
2,eco,2,eco_002,eco_002,sim,amazonia,,
3,eco,3,eco_003,eco_003,nao,sem_context,,
4,eco,6,eco_006,eco_004,nao,sem_context,,
5,eco,7,eco_007,eco_005,sim,amazonia,,
6,eco,8,eco_008,eco_006,nao,sem_context,,
7,eco,9,eco_009,eco_007,sim,amazonia,,
8,eco,10,eco_010,eco_008,sim,amazonia,,
9,eco,11,eco_011,eco_009,nao,sem_context,,
10,eco,12,eco_012,eco_010,sim,amazonia,,
11,eco,13,eco_013,eco_011,nao,sem_context,,
12,eco,14,eco_014,eco_012,sim,manguezais,,
13,eco,16,eco_016,eco_013,nao,sem_context,,
14,eco,18,eco_018,eco_014,nao,sem_context,,
15,eco,19,eco_019,eco_015,sim,mata_atlantica,,
16,eco,20,eco_020,eco_016,nao,sem_context,,
17,eco,21,eco_021,eco_017,sim,amazonia,,
18,eco,25,eco_025,eco_018,sim,amazonia,,
19,eco,26,eco_026,eco_019,sim,pantanal,,
20,eco,27,eco_027,eco_020,nao,sem_context,,
21,eco,28,eco_028,eco_021,sim,amazonia,,
22,eco,34,eco_034,eco_022,nao,sem_context,,
23,eco,35,eco_035,eco_023,sim,amazonia,,
24,eco,36,eco_036,eco_024,sim,amazonia,,
25,eco,39,eco_039,eco_025,sim,amazonia,,
26,eco,41,eco_041,eco_026,sim,amazonia,,
27,eco,43,eco_043,eco_027,sim,amazonia,,
28,eco,44,eco_044,eco_028,sim,gen_biomas,,
29,eco,45,eco_045,eco_029,sim,amazonia,,
30,eco,48,eco_048,eco_030,sim,pantanal,,
31,eco,49,eco_049,eco_031,sim,amazonia,,
32,eco,51,eco_051,eco_032,nao,sem_context,,
33,eco,52,eco_052,eco_033,sim,amazonia,,
34,eco,53,eco_053,eco_034,sim,amazonia,,
35,eco,54,eco_054,eco_035,nao,sem_context,,
36,eco,61,eco_061,eco_036,nao,sem_context,,
37,eco,62,eco_062,eco_037,sim,amazonia,,
38,eco,66,eco_066,eco_038,sim,amazonia,,
39,eco,71,eco_071,eco_039,sim,mata_atlantica,,
40,eco,73,eco_073,eco_040,sim,pantanal,,
41,eco,76,eco_076,eco_041,nao,sem_context,,
42,eco,77,eco_077,eco_042,sim,amazonia,,
43,eco,79,eco_079,eco_043,sim,amazonia,,
44,eco,83,eco_083,eco_044,nao,sem_context,,
45,bdf,2,bdf_002,bdf_001,nao,sem_context,,
46,bdf,3,bdf_003,bdf_002,nao,sem_context,,
47,bdf,4,bdf_004,bdf_003,nao,sem_context,,
48,bdf,11,bdf_011,bdf_004,sim,caatinga,,
49,bdf,13,bdf_013,bdf_005,sim,caatinga,,
50,bdf,15,bdf_015,bdf_006,nao,sem_context,,
51,bdf,16,bdf_016,bdf_007,nao,sem_context,,
52,bdf,19,bdf_019,bdf_008,sim,mata_atlantica,,
53,bdf,20,bdf_020,bdf_009,sim,mata_atlantica,,
54,bdf,22,bdf_022,bdf_010,sim,amazonia,,
55,bdf,25,bdf_025,bdf_011,nao,sem_context,,
56,bdf,26,bdf_026,bdf_012,sim,amazonia,,
57,bdf,29,bdf_029,bdf_013,sim,amazonia,,
58,bdf,30,bdf_030,bdf_014,sim,amazonia,,
59,bdf,31,bdf_031,bdf_015,nao,sem_context,,
60,bdf,32,bdf_032,bdf_016,sim,amazonia,,
61,bdf,34,bdf_034,bdf_017,sim,amazonia,,
62,bdf,40,bdf_040,bdf_018,sim,amazonia,,
62,bdf,40,bdf_040,bdf_018,sim,cerrado,,
63,bdf,43,bdf_043,bdf_019,sim,amazonia,,
64,bdf,45,bdf_045,bdf_020,nao,sem_context,,
65,bdf,46,bdf_046,bdf_021,sim,amazonia,,
66,bdf,48,bdf_048,bdf_022,nao,sem_context,,
67,bdf,50,bdf_050,bdf_023,nao,sem_context,,
68,bdf,51,bdf_051,bdf_024,nao,sem_context,,
69,bdf,53,bdf_053,bdf_025,sim,amazonia,,
70,bdf,54,bdf_054,bdf_026,sim,amazonia,,
71,bdf,57,bdf_057,bdf_027,nao,sem_context,,
72,bdf,59,bdf_059,bdf_028,nao,sem_context,,
73,bdf,65,bdf_065,bdf_029,sim,amazonia,,
74,bdf,66,bdf_066,bdf_030,sim,amazonia,,
75,bdf,70,bdf_070,bdf_031,sim,amazonia,,
76,bdf,74,bdf_074,bdf_032,sim,amazonia,,
77,bdf,76,bdf_076,bdf_033,nao,sem_context,,
78,bdf,83,bdf_083,bdf_034,nao,sem_context,,
79,bdf,85,bdf_085,bdf_035,nao,sem_context,,
80,bdf,86,bdf_086,bdf_036,sim,amazonia,,
81,bdf,89,bdf_089,bdf_037,nao,sem_context,,
82,fdsp,2,fdsp_002,fdsp_001,nao,sem_context,,
83,fdsp,3,fdsp_003,fdsp_002,nao,sem_context,,
84,fdsp,7,fdsp_007,fdsp_003,nao,sem_context,,
85,fdsp,8,fdsp_008,fdsp_004,sim,matas,,
86,fdsp,9,fdsp_009,fdsp_005,nao,sem_context,,
87,fdsp,10,fdsp_010,fdsp_006,sim,amazonia,,
87,fdsp,10,fdsp_010,fdsp_006,sim,mata_atlantica,,
88,fdsp,16,fdsp_016,fdsp_007,sim,florestas_tropicais,,
89,fdsp,19,fdsp_019,fdsp_008,nao,sem_context,,
90,fdsp,28,fdsp_028,fdsp_009,nao,sem_context,,
91,fdsp,30,fdsp_030,fdsp_010,nao,sem_context,,
92,fdsp,32,fdsp_032,fdsp_011,nao,sem_context,,
93,fdsp,33,fdsp_033,fdsp_012,nao,sem_context,,
94,fdsp,38,fdsp_038,fdsp_013,nao,sem_context,,
95,fdsp,46,fdsp_046,fdsp_014,nao,sem_context,,
96,fdsp,48,fdsp_048,fdsp_015,nao,sem_context,,
97,fdsp,52,fdsp_052,fdsp_016,nao,sem_context,,
98,fdsp,58,fdsp_058,fdsp_017,nao,sem_context,,
99,fdsp,61,fdsp_061,fdsp_018,nao,sem_context,,
100,fdsp,64,fdsp_064,fdsp_019,nao,sem_context,,
101,fdsp,66,fdsp_066,fdsp_020,nao,sem_context,,
102,fdsp,67,fdsp_067,fdsp_021,nao,sem_context,,
103,fdsp,68,fdsp_068,fdsp_022,nao,sem_context,,
104,fdsp,71,fdsp_071,fdsp_023,nao,sem_context,,
105,fdsp,72,fdsp_072,fdsp_024,nao,sem_context,,
106,fdsp,74,fdsp_074,fdsp_025,nao,sem_context,,
107,fdsp,75,fdsp_075,fdsp_026,nao,sem_context,,
108,fdsp,78,fdsp_078,fdsp_027,nao,sem_context,,
109,fdsp,79,fdsp_079,fdsp_028,nao,sem_context,,
110,fdsp,83,fdsp_083,fdsp_029,nao,sem_context,,
111,fdsp,92,fdsp_092,fdsp_030,nao,sem_context,,
112,fdsp,93,fdsp_093,fdsp_031,nao,sem_context,,
113,fdsp,96,fdsp_096,fdsp_032,nao,sem_context,,
114,fdsp,97,fdsp_097,fdsp_033,nao,sem_context,,
115,fdsp,106,fdsp_106,fdsp_034,sim,amazonia,,
116,fdsp,107,fdsp_107,fdsp_035,nao,sem_context,,
117,fdsp,111,fdsp_111,fdsp_036,sim,amazonia,,
118,fdsp,113,fdsp_113,fdsp_037,nao,sem_context,,
119,fdsp,118,fdsp_118,fdsp_038,nao,sem_context,,
120,fdsp,119,fdsp_119,fdsp_039,nao,sem_context,,
121,fdsp,121,fdsp_121,fdsp_040,nao,sem_context,,
122,fdsp,127,fdsp_127,fdsp_041,sim,amazonia,,
123,fdsp,134,fdsp_134,fdsp_042,sim,amazonia,,
124,fdsp,135,fdsp_135,fdsp_043,nao,sem_context,,
125,fdsp,136,fdsp_136,fdsp_044,sim,amazonia,,
126,fdsp,141,fdsp_141,fdsp_045,sim,amazonia,,
127,fdsp,144,fdsp_144,fdsp_046,nao,sem_context,,
128,fdsp,145,fdsp_145,fdsp_047,nao,sem_context,,
129,fdsp,146,fdsp_146,fdsp_048,sim,amazonia,,
130,fdsp,149,fdsp_149,fdsp_049,nao,sem_context,,
131,fdsp,151,fdsp_151,fdsp_050,nao,sem_context,,
132,fdsp,153,fdsp_153,fdsp_051,sim,demais_biomas,,
132,fdsp,153,fdsp_153,fdsp_051,sim,amazonia,,
133,fdsp,156,fdsp_156,fdsp_052,nao,sem_context,,
134,fdsp,163,fdsp_163,fdsp_053,nao,sem_context,,
135,fdsp,165,fdsp_165,fdsp_054,sim,amazonia,,
136,fdsp,173,fdsp_173,fdsp_055,sim,mata_atlantica,,
137,fdsp,175,fdsp_175,fdsp_056,nao,sem_context,,
138,fdsp,180,fdsp_180,fdsp_057,nao,sem_context,,
139,fdsp,182,fdsp_182,fdsp_058,sim,amazonia,,
140,fdsp,183,fdsp_183,fdsp_059,nao,sem_context,,
141,fdsp,186,fdsp_186,fdsp_060,nao,sem_context,,
142,fdsp,190,fdsp_190,fdsp_061,nao,sem_context,,
143,fdsp,195,fdsp_195,fdsp_062,nao,sem_context,,
144,fdsp,204,fdsp_204,fdsp_063,sim,amazonia,,
145,fdsp,208,fdsp_208,fdsp_064,nao,sem_context,,
146,fdsp,211,fdsp_211,fdsp_065,nao,sem_context,,
147,fdsp,216,fdsp_216,fdsp_066,sim,florestas,,
148,fdsp,222,fdsp_222,fdsp_067,sim,floresta_nativa,,
149,fdsp,223,fdsp_223,fdsp_068,sim,amazonia,,
150,fdsp,226,fdsp_226,fdsp_069,sim,amazonia,,
151,fdsp,241,fdsp_241,fdsp_070,nao,sem_context,,
152,fdsp,243,fdsp_243,fdsp_071,nao,sem_context,,
153,fdsp,244,fdsp_244,fdsp_072,nao,sem_context,,
154,fdsp,247,fdsp_247,fdsp_073,nao,sem_context,,
155,fdsp,250,fdsp_250,fdsp_074,sim,amazonia,,
156,fdsp,252,fdsp_252,fdsp_075,sim,amazonia,,
157,fdsp,257,fdsp_257,fdsp_076,sim,amazonia,,
158,fdsp,258,fdsp_258,fdsp_077,sim,amazonia,,
158,fdsp,258,fdsp_258,fdsp_077,sim,cerrado,,
158,fdsp,258,fdsp_258,fdsp_077,sim,demais_biomas,,
159,fdsp,259,fdsp_259,fdsp_078,nao,sem_context,,
160,fdsp,260,fdsp_260,fdsp_079,nao,sem_context,,
161,fdsp,265,fdsp_265,fdsp_080,sim,amazonia,,
162,fdsp,266,fdsp_266,fdsp_081,nao,sem_context,,
163,fdsp,267,fdsp_267,fdsp_082,sim,amazonia,,
164,fdsp,268,fdsp_268,fdsp_083,nao,sem_context,,
165,fdsp,274,fdsp_274,fdsp_084,sim,florestas,,
166,fdsp,276,fdsp_276,fdsp_085,nao,sem_context,,
167,fdsp,277,fdsp_277,fdsp_086,sim,amazonia,,
168,fdsp,278,fdsp_278,fdsp_087,nao,sem_context,,
169,fdsp,279,fdsp_279,fdsp_088,nao,sem_context,,
170,fdsp,283,fdsp_283,fdsp_089,nao,sem_context,,
171,fdsp,284,fdsp_284,fdsp_090,nao,sem_context,,
172,fdsp,288,fdsp_288,fdsp_091,nao,sem_context,,
173,fdsp,289,fdsp_289,fdsp_092,nao,sem_context,,
174,fdsp,290,fdsp_290,fdsp_093,sim,amazonia,,
175,fdsp,291,fdsp_291,fdsp_094,sim,amazonia,,
176,fdsp,296,fdsp_296,fdsp_095,nao,sem_context,,
177,fdsp,301,fdsp_301,fdsp_096,nao,sem_context,,
178,fdsp,304,fdsp_304,fdsp_097,nao,sem_context,,
179,fdsp,309,fdsp_309,fdsp_098,nao,sem_context,,
180,fdsp,313,fdsp_313,fdsp_099,sim,florestas,,
181,fdsp,314,fdsp_314,fdsp_100,nao,sem_context,,
182,fdsp,319,fdsp_319,fdsp_101,nao,sem_context,,
183,fdsp,325,fdsp_325,fdsp_102,nao,sem_context,,
184,fdsp,331,fdsp_331,fdsp_103,nao,sem_context,,
185,fdsp,336,fdsp_336,fdsp_104,nao,sem_context,,
186,fdsp,339,fdsp_339,fdsp_105,sim,amazonia,,
186,fdsp,339,fdsp_339,fdsp_105,sim,cerrado,,
187,fdsp,340,fdsp_340,fdsp_106,sim,amazonia,,
188,fdsp,343,fdsp_343,fdsp_107,nao,sem_context,,
189,fdsp,349,fdsp_349,fdsp_108,nao,sem_context,,
190,fdsp,350,fdsp_350,fdsp_109,nao,sem_context,,
191,fdsp,352,fdsp_352,fdsp_110,nao,sem_context,,
192,fdsp,357,fdsp_357,fdsp_111,nao,sem_context,,
193,fdsp,359,fdsp_359,fdsp_112,nao,sem_context,,
194,fdsp,361,fdsp_361,fdsp_113,nao,sem_context,,
195,fdsp,369,fdsp_369,fdsp_114,sim,amazonia,,
196,fdsp,370,fdsp_370,fdsp_115,nao,sem_context,,
197,fdsp,372,fdsp_372,fdsp_116,sim,mata_atlantica,,
197,fdsp,372,fdsp_372,fdsp_116,sim,amazonia,,
198,fdsp,373,fdsp_373,fdsp_117,nao,sem_context,,
199,fdsp,376,fdsp_376,fdsp_118,nao,sem_context,,
200,fdsp,378,fdsp_378,fdsp_119,sim,amazonia,,
201,fdsp,381,fdsp_381,fdsp_120,nao,sem_context,,
202,fdsp,386,fdsp_386,fdsp_121,nao,sem_context,,
203,fdsp,392,fdsp_392,fdsp_122,nao,sem_context,,
204,fdsp,394,fdsp_394,fdsp_123,nao,sem_context,,
205,fdsp,397,fdsp_397,fdsp_124,sim,mata_atlantica,,
206,fdsp,399,fdsp_399,fdsp_125,nao,sem_context,,
207,fdsp,400,fdsp_400,fdsp_126,sim,oceano,,
208,fdsp,402,fdsp_402,fdsp_127,nao,sem_context,,
209,fdsp,404,fdsp_404,fdsp_128,nao,sem_context,,
210,fdsp,411,fdsp_411,fdsp_129,nao,sem_context,,
211,fdsp,420,fdsp_420,fdsp_130,nao,sem_context,,
212,fdsp,421,fdsp_421,fdsp_131,nao,sem_context,,
213,fdsp,423,fdsp_423,fdsp_132,nao,sem_context,,
214,fdsp,427,fdsp_427,fdsp_133,nao,sem_context,,
215,fdsp,428,fdsp_428,fdsp_134,sim,amazonia,,
216,fdsp,429,fdsp_429,fdsp_135,sim,amazonia,,
216,fdsp,429,fdsp_429,fdsp_135,sim,mata_atlantica,,
217,fdsp,434,fdsp_434,fdsp_136,sim,amazonia,,
218,fdsp,437,fdsp_437,fdsp_137,sim,amazonia,,
219,fdsp,456,fdsp_456,fdsp_138,sim,florestas_publicas,,
220,fdsp,459,fdsp_459,fdsp_139,sim,amazonia,,
221,fdsp,462,fdsp_462,fdsp_140,nao,sem_context,,
222,fdsp,463,fdsp_463,fdsp_141,nao,sem_context,,
223,fdsp,469,fdsp_469,fdsp_142,sim,amazonia,,
224,fdsp,470,fdsp_470,fdsp_143,sim,amazonia,,
225,fdsp,474,fdsp_474,fdsp_144,nao,sem_context,,
226,fdsp,480,fdsp_480,fdsp_145,nao,sem_context,,
227,fdsp,489,fdsp_489,fdsp_146,nao,sem_context,,
228,fdsp,492,fdsp_492,fdsp_147,nao,sem_context,,
229,fdsp,494,fdsp_494,fdsp_148,nao,sem_context,,
230,fdsp,498,fdsp_498,fdsp_149,nao,sem_context,,
231,fdsp,501,fdsp_501,fdsp_150,nao,sem_context,,
232,fdsp,502,fdsp_502,fdsp_151,sim,amazonia,,
233,fdsp,503,fdsp_503,fdsp_152,sim,amazonia,,
234,fdsp,508,fdsp_508,fdsp_153,sim,amazonia,,
235,fdsp,509,fdsp_509,fdsp_154,sim,amazonia,,
236,fdsp,520,fdsp_520,fdsp_155,sim,amazonia,,
237,fdsp,521,fdsp_521,fdsp_156,nao,sem_context,,
238,fdsp,529,fdsp_529,fdsp_157,nao,sem_context,,
239,fdsp,531,fdsp_531,fdsp_158,sim,amazonia,,
240,fdsp,535,fdsp_535,fdsp_159,nao,sem_context,,
241,fdsp,546,fdsp_546,fdsp_160,nao,sem_context,,
242,fdsp,547,fdsp_547,fdsp_161,sim,amazonia,,
243,fdsp,548,fdsp_548,fdsp_162,nao,sem_context,,
244,fdsp,556,fdsp_556,fdsp_163,sim,amazonia,,
245,fdsp,557,fdsp_557,fdsp_164,nao,sem_context,,
246,fdsp,558,fdsp_558,fdsp_165,nao,sem_context,,
247,fdsp,559,fdsp_559,fdsp_166,nao,sem_context,,
248,fdsp,560,fdsp_560,fdsp_167,sim,amazonia,,
249,fdsp,568,fdsp_568,fdsp_168,nao,sem_context,,
250,fdsp,575,fdsp_575,fdsp_169,nao,sem_context,,
251,fdsp,578,fdsp_578,fdsp_170,nao,sem_context,,
252,fdsp,581,fdsp_581,fdsp_171,nao,sem_context,,
253,fdsp,582,fdsp_582,fdsp_172,nao,sem_context,,
254,fdsp,585,fdsp_585,fdsp_173,nao,sem_context,,
255,fdsp,587,fdsp_587,fdsp_174,nao,sem_context,,
256,fdsp,590,fdsp_590,fdsp_175,sim,manguezais,,
257,fdsp,591,fdsp_591,fdsp_176,sim,florestas,,
258,fdsp,594,fdsp_594,fdsp_177,nao,sem_context,,
259,fdsp,595,fdsp_595,fdsp_178,nao,sem_context,,
260,fdsp,598,fdsp_598,fdsp_179,nao,sem_context,,
261,fdsp,601,fdsp_601,fdsp_180,nao,sem_context,,
262,fdsp,602,fdsp_602,fdsp_181,sim,amazonia,,
263,fdsp,603,fdsp_603,fdsp_182,nao,sem_context,,
264,fdsp,604,fdsp_604,fdsp_183,sim,amazonia,,
265,fdsp,606,fdsp_606,fdsp_184,nao,sem_context,,
266,fdsp,607,fdsp_607,fdsp_185,nao,sem_context,,
267,fdsp,608,fdsp_608,fdsp_186,nao,sem_context,,
268,fdsp,612,fdsp_612,fdsp_187,sim,amazonia,,
269,fdsp,614,fdsp_614,fdsp_188,nao,sem_context,,
270,fdsp,616,fdsp_616,fdsp_189,nao,sem_context,,
271,fdsp,620,fdsp_620,fdsp_190,sim,amazonia,,
272,fdsp,621,fdsp_621,fdsp_191,nao,sem_context,,
273,fdsp,623,fdsp_623,fdsp_192,nao,sem_context,,
274,fdsp,626,fdsp_626,fdsp_193,nao,sem_context,,
275,fdsp,633,fdsp_633,fdsp_194,sim,amazonia,,
276,fdsp,634,fdsp_634,fdsp_195,nao,sem_context,,
277,fdsp,635,fdsp_635,fdsp_196,sim,amazonia,,
278,fdsp,636,fdsp_636,fdsp_197,nao,sem_context,,
279,fdsp,638,fdsp_638,fdsp_198,sim,recifes_corais,,
280,fdsp,641,fdsp_641,fdsp_199,nao,sem_context,,
281,fdsp,645,fdsp_645,fdsp_200,sim,amazonia,,
281,fdsp,645,fdsp_645,fdsp_200,sim,cerrado,,
281,fdsp,645,fdsp_645,fdsp_200,sim,pantanal,,
281,fdsp,645,fdsp_645,fdsp_200,sim,mata_atlantica,,
281,fdsp,645,fdsp_645,fdsp_200,sim,demais_biomas,,
282,fdsp,660,fdsp_660,fdsp_201,nao,sem_context,,
283,fdsp,661,fdsp_661,fdsp_202,nao,sem_context,,
284,fdsp,662,fdsp_662,fdsp_203,nao,sem_context,,
285,fdsp,664,fdsp_664,fdsp_204,nao,sem_context,,
286,fdsp,665,fdsp_665,fdsp_205,nao,sem_context,,
287,fdsp,676,fdsp_676,fdsp_206,nao,sem_context,,
288,fdsp,680,fdsp_680,fdsp_207,nao,sem_context,,
289,fdsp,682,fdsp_682,fdsp_208,nao,sem_context,,
290,fdsp,683,fdsp_683,fdsp_209,nao,sem_context,,
291,fdsp,686,fdsp_686,fdsp_210,nao,sem_context,,
292,fdsp,689,fdsp_689,fdsp_211,sim,amazonia,,
293,fdsp,690,fdsp_690,fdsp_212,nao,sem_context,,
294,fdsp,696,fdsp_696,fdsp_213,nao,sem_context,,
295,fdsp,697,fdsp_697,fdsp_214,nao,sem_context,,
296,fdsp,698,fdsp_698,fdsp_215,nao,sem_context,,
297,fdsp,699,fdsp_699,fdsp_216,nao,sem_context,,
298,fdsp,700,fdsp_700,fdsp_217,nao,sem_context,,
299,fdsp,704,fdsp_704,fdsp_218,nao,sem_context,,
300,fdsp,708,fdsp_708,fdsp_219,nao,sem_context,,
301,fdsp,717,fdsp_717,fdsp_220,nao,sem_context,,
302,fdsp,718,fdsp_718,fdsp_221,nao,sem_context,,
303,fdsp,720,fdsp_720,fdsp_222,sim,amazonia,,
304,fdsp,723,fdsp_723,fdsp_223,nao,sem_context,,
305,fdsp,727,fdsp_727,fdsp_224,nao,sem_context,,
306,val,1,val_0001,val_001,nao,sem_context,,
307,val,2,val_0002,val_002,nao,sem_context,,
308,val,3,val_0003,val_003,nao,sem_context,,
309,val,6,val_0006,val_004,nao,sem_context,,
310,val,13,val_0013,val_005,nao,sem_context,,
311,val,21,val_0021,val_006,nao,sem_context,,
312,val,22,val_0022,val_007,nao,sem_context,,
313,val,29,val_0029,val_008,nao,sem_context,,
314,val,30,val_0030,val_009,nao,sem_context,,
315,val,33,val_0033,val_010,nao,sem_context,,
316,val,38,val_0038,val_011,nao,sem_context,,
317,val,39,val_0039,val_012,nao,sem_context,,
318,val,42,val_0042,val_013,nao,sem_context,,
319,val,43,val_0043,val_014,nao,sem_context,,
320,val,44,val_0044,val_015,nao,sem_context,,
321,val,45,val_0045,val_016,nao,sem_context,,
322,val,47,val_0047,val_017,sim,demais_biomas,,
322,val,47,val_0047,val_017,sim,florestas,,
323,val,53,val_0053,val_018,sim,mata_atlantica,,
323,val,53,val_0053,val_018,sim,amazonia,,
324,val,61,val_0061,val_019,sim,amazonia,,
325,val,66,val_0066,val_020,sim,amazonia,,
326,val,67,val_0067,val_021,sim,recifes_corais,,
326,val,67,val_0067,val_021,sim,manguezais,,ser√°?
326,val,67,val_0067,val_021,sim,amazonia,,
327,val,69,val_0069,val_022,nao,sem_context,,
328,val,72,val_0072,val_023,nao,sem_context,,
329,val,74,val_0074,val_024,nao,sem_context,,
330,val,75,val_0075,val_025,nao,sem_context,,
331,val,80,val_0080,val_026,sim,amazonia,,
332,val,86,val_0086,val_027,sim,florestas,,
333,val,87,val_0087,val_028,nao,sem_context,,
334,val,93,val_0093,val_029,nao,sem_context,,
335,val,100,val_0100,val_030,nao,sem_context,,
336,val,101,val_0101,val_031,nao,sem_context,,
337,val,102,val_0102,val_032,nao,sem_context,,
338,val,104,val_0104,val_033,sim,matas_nativas,,
339,val,108,val_0108,val_034,sim,florestas,,
340,val,110,val_0110,val_035,nao,sem_context,,
341,val,111,val_0111,val_036,nao,sem_context,,
342,val,115,val_0115,val_037,nao,sem_context,,
343,val,118,val_0118,val_038,nao,sem_context,,
344,val,119,val_0119,val_039,nao,sem_context,,
345,val,124,val_0124,val_040,sim,amazonia,,
346,val,126,val_0126,val_041,nao,sem_context,,
347,val,129,val_0129,val_042,nao,sem_context,,
348,val,139,val_0139,val_043,nao,sem_context,,
349,val,140,val_0140,val_044,nao,sem_context,,
350,val,141,val_0141,val_045,nao,sem_context,,
351,val,145,val_0145,val_046,sim,amazonia,,
352,val,146,val_0146,val_047,nao,sem_context,,
353,val,147,val_0147,val_048,sim,cerrado,,
353,val,147,val_0147,val_048,sim,mata_atlantica,,
353,val,147,val_0147,val_048,sim,amazonia,,
354,val,148,val_0148,val_049,nao,sem_context,,
355,val,149,val_0149,val_050,nao,sem_context,,
356,val,150,val_0150,val_051,nao,sem_context,,
357,val,151,val_0151,val_052,sim,cerrado,,
357,val,151,val_0151,val_052,sim,mata_atlantica,,
357,val,151,val_0151,val_052,sim,amazonia,,
358,val,152,val_0152,val_053,sim,cerrado,,
358,val,152,val_0152,val_053,sim,mata_atlantica,,
358,val,152,val_0152,val_053,sim,amazonia,,
359,val,153,val_0153,val_054,nao,sem_context,,
360,val,154,val_0154,val_055,sim,amazonia,,
361,val,155,val_0155,val_056,sim,amazonia,,
362,val,157,val_0157,val_057,sim,amazonia,,
363,val,161,val_0161,val_058,nao,sem_context,,
364,val,162,val_0162,val_059,nao,sem_context,,
,val,163,val_0163,val_060,sim,manguezais,,
,val,163,val_0163,val_060,sim,restingas,,
365,val,163,val_0163,val_060,sim,demais_biomas,,
365,val,163,val_0163,val_060,sim,florestas,,
366,val,165,val_0165,val_061,sim,florestas,,
367,val,166,val_0166,val_062,nao,sem_context,,
368,val,167,val_0167,val_063,sim,amazonia,,
369,val,168,val_0168,val_064,nao,sem_context,,
370,val,169,val_0169,val_065,nao,sem_context,,
371,val,171,val_0171,val_066,sim,amazonia,,
372,val,172,val_0172,val_067,sim,amazonia,,
373,val,174,val_0174,val_068,nao,sem_context,,
374,val,175,val_0175,val_069,sim,amazonia,,
375,val,176,val_0176,val_070,sim,amazonia,,
376,val,177,val_0177,val_071,sim,amazonia,,
377,val,178,val_0178,val_072,nao,sem_context,,
378,val,179,val_0182,val_073,nao,sem_context,,
379,val,185,val_0185,val_074,nao,sem_context,,
380,val,187,val_0187,val_075,nao,sem_context,,
381,val,188,val_0188,val_076,nao,sem_context,,
382,val,191,val_0191,val_077,nao,sem_context,,
383,val,192,val_0192,val_078,sim,mata_atlantica,,
384,val,193,val_0193,val_079,sim,florestas_nativas,,
385,val,194,val_0194,val_080,sim,mata_atlantica,,
386,val,196,val_0196,val_081,nao,sem_context,,
387,val,200,val_0200,val_082,nao,sem_context,,
388,val,202,val_0202,val_083,sim,amazonia,,
389,val,204,val_0204,val_084,nao,sem_context,,
390,val,205,val_0205,val_085,nao,sem_context,,
391,val,206,val_0206,val_086,nao,sem_context,,
392,val,207,val_0207,val_087,nao,sem_context,,
393,val,209,val_0209,val_088,nao,sem_context,,
394,val,212,val_0212,val_089,nao,sem_context,,
395,val,213,val_0213,val_090,nao,sem_context,,
396,val,214,val_0214,val_091,nao,sem_context,,
397,val,223,val_0223,val_092,sim,mata_atlantica,,
398,val,224,val_0224,val_093,nao,sem_context,,
399,val,226,val_0226,val_094,nao,sem_context,,
400,val,228,val_0228,val_095,sim,amazonia,,
401,val,229,val_0229,val_096,sim,amazonia,,
402,val,230,val_0230,val_097,sim,florestas_nativas,,
403,val,232,val_0232,val_098,sim,amazonia,,
403,val,232,val_0232,val_098,sim,mata_atlantica,,
404,val,234,val_0234,val_099,nao,sem_context,,
405,val,235,val_0235,val_100,nao,sem_context,,
406,val,237,val_0237,val_101,sim,amazonia,,
407,val,238,val_0238,val_102,nao,sem_context,,
408,val,241,val_0241,val_103,sim,amazonia,,
409,val,243,val_0243,val_104,nao,sem_context,,
410,val,247,val_0247,val_105,sim,amazonia,,
411,val,249,val_0249,val_106,nao,sem_context,,
412,val,250,val_0250,val_107,sim,amazonia,,
413,val,251,val_0251,val_108,sim,florestas,,
414,val,253,val_0253,val_109,sim,mata_atlantica,,
415,val,258,val_0258,val_110,sim,cerrado,,
415,val,258,val_0258,val_110,sim,mata_atlantica,,
415,val,258,val_0258,val_110,sim,amazonia,,
416,val,259,val_0259,val_111,nao,sem_context,,
417,val,260,val_0260,val_112,nao,sem_context,,
418,val,261,val_0261,val_113,nao,sem_context,,
419,val,262,val_0262,val_114,nao,sem_context,,
420,val,268,val_0268,val_115,sim,amazonia,,
421,val,272,val_0272,val_116,nao,sem_context,,
422,val,273,val_0273,val_117,sim,florestas_nativas,,
423,val,274,val_0274,val_118,nao,sem_context,,
424,val,275,val_0275,vai_119,nao,sem_context,,
425,val,276,val_0276,val_120,nao,sem_context,,
426,val,277,val_0277,val_121,sim,florestas_nativas,,
427,val,278,val_0278,val_122,nao,sem_context,,
428,val,279,val_0279,val_123,sim,amazonia,,
429,val,281,val_0281,val_124,nao,sem_context,,
430,val,282,val_0282,val_125,nao,sem_context,,
431,val,286,val_0286,val_126,nao,sem_context,,
432,val,289,val_0289,val_127,nao,sem_context,,
433,val,290,val_0290,val_128,nao,sem_context,,
434,val,291,val_0291,val_129,nao,sem_context,,
435,val,293,val_0293,val_130,nao,sem_context,,
436,val,295,val_0295,val_131,sim,florestas,,
437,val,296,val_0296,val_132,nao,sem_context,,
438,val,299,val_0299,val_133,nao,sem_context,,
439,val,300,val_0300,val_134,sim,cerrado,,
440,val,303,val_0303,vai_135,nao,sem_context,,
441,val,304,val_0304,val_136,nao,sem_context,,
442,val,306,val_0306,val_137,nao,sem_context,,
443,val,307,val_0307,val_138,nao,sem_context,,
444,val,309,val_0309,val_139,nao,sem_context,,
445,val,310,val_0310,val_140,nao,sem_context,,
446,val,314,val_0314,val_141,nao,sem_context,,
447,val,317,val_0317,val_142,nao,sem_context,,
448,val,320,val_0320,val_143,nao,sem_context,,
449,val,322,val_0322,val_144,nao,sem_context,,
450,val,324,val_0324,val_145,nao,sem_context,,
451,val,325,val_0325,val_146,nao,sem_context,,
452,val,326,val_0326,val_147,nao,sem_context,,
453,val,327,val_0327,val_148,nao,sem_context,,
454,val,328,val_0328,val_149,sim,amazonia,,
455,val,331,val_0331,val_150,nao,sem_context,,
456,val,332,val_0332,val_151,nao,sem_context,,
457,val,333,val_0333,val_152,nao,sem_context,,
458,val,334,val_0334,val_153,nao,sem_context,,
459,val,341,val_0341,val_154,nao,sem_context,,
460,val,344,val_0344,val_155,nao,sem_context,,
461,val,346,val_0346,val_156,nao,sem_context,,
462,val,348,val_0348,val_157,nao,sem_context,,
463,val,349,val_0349,val_158,nao,sem_context,,
464,val,350,val_0350,val_159,sim,florestas_nativas,,
465,val,353,val_0353,val_160,nao,sem_context,,
466,val,358,val_0358,val_161,nao,sem_context,,
467,val,359,val_0359,val_162,nao,sem_context,,
468,val,362,val_0362,val_163,sim,amazonia,,
469,val,364,val_0364,val_164,nao,sem_context,,
470,val,366,val_0366,val_165,nao,sem_context,,
471,val,370,val_0370,val_166,sim,amazonia,,
472,val,378,val_0378,val_167,nao,sem_context,,
473,val,379,val_0379,val_168,sim,amazonia,,
474,val,387,val_0387,val_169,nao,sem_context,,
475,val,390,val_0390,val_170,nao,sem_context,,
476,val,391,val_0391,val_171,nao,sem_context,,
477,val,396,val_0396,val_172,nao,sem_context,,
478,val,397,val_0397,val_173,sim,amazonia,,
479,val,399,val_0399,val_174,sim,amazonia,,
480,val,400,val_0400,val_175,nao,sem_context,,
481,val,402,val_0402,val_176,nao,sem_context,,
482,val,405,val_0405,val_177,nao,sem_context,,
483,val,407,val_0407,val_178,nao,sem_context,,
484,val,408,val_0408,val_179,sim,amazonia,,
485,val,411,val_0411,val_180,nao,sem_context,,
486,val,414,val_0414,val_181,nao,sem_context,,
487,val,417,val_0417,val_182,sim,amazonia,,
488,val,418,val_0418,val_183,sim,amazonia,,
488,val,418,val_0418,val_183,sim,mata_atlantica,,
489,val,420,val_0420,val_184,nao,sem_context,,
490,val,421,val_0421,val_185,nao,sem_context,,
491,val,422,val_0422,val_186,nao,sem_context,,
492,val,423,val_0423,val_187,nao,sem_context,,
493,val,424,val_0424,val_188,sim,florestas,,
494,val,426,val_0426,val_189,nao,sem_context,,
495,val,428,val_0428,val_190,nao,sem_context,,
496,val,429,val_0429,val_191,nao,sem_context,,
497,val,430,val_0430,val_192,sim,amazonia,,
498,val,431,val_0431,val_193,nao,sem_context,,
499,val,433,val_0433,val_194,nao,sem_context,,
500,val,436,val_0436,val_195,nao,sem_context,,
501,val,440,val_0440,val_196,nao,sem_context,,
502,val,447,val_0447,val_197,nao,sem_context,,
503,val,448,val_0448,val_198,nao,sem_context,,
504,val,450,val_0450,val_199,nao,sem_context,,
505,val,452,val_0452,val_200,sim,cerrado,,
506,val,456,val_0456,val_201,nao,sem_context,,
507,val,458,val_0458,val_202,sim,amazonia,,
508,val,460,val_0460,val_203,nao,sem_context,,
509,val,461,val_0461,val_204,nao,sem_context,,
510,val,462,val_0462,val_205,nao,sem_context,,
511,val,463,val_0463,val_206,sim,florestas_nativas,,
511,val,463,val_0463,val_206,sim,caatinga,,
512,val,466,val_0466,val_207,nao,sem_context,,
513,val,467,val_0467,val_208,nao,sem_context,,
514,val,474,val_0474,val_209,sim,cerrado,,
515,val,475,val_0475,val_210,nao,sem_context,,
516,val,479,val_0479,val_211,sim,florestas_nativas,,
517,val,480,val_0480,val_212,sim,florestas_nativas,,
518,val,483,val_0483,val_213,nao,sem_context,,
519,val,493,val_0493,val_214,nao,sem_context,,
520,val,494,val_0494,val_215,nao,sem_context,,
521,val,497,val_0497,val_216,nao,sem_context,,
522,val,503,val_0503,val_217,sim,amazonia,,
522,val,503,val_0503,val_217,sim,mata_atlantica,,
523,val,504,val_0504,val_218,nao,sem_context,,
524,val,505,val_0505,val_219,nao,sem_context,,
525,val,512,val_0512,val_220,nao,sem_context,,
526,val,513,val_0513,val_221,nao,sem_context,,
527,val,515,val_0515,val_222,nao,sem_context,,
528,val,518,val_0518,val_223,nao,sem_context,,
529,val,519,val_0519,val_224,nao,sem_context,,
530,val,520,val_0520,val_225,sim,amazonia,,
531,val,521,val_0521,val_226,nao,sem_context,,
532,val,522,val_0522,val_227,sim,amazonia,,
533,val,524,val_0524,val_228,nao,sem_context,,
534,val,532,val_0532,val_229,sim,florestas_nativas,,
535,val,534,val_0534,val_230,sim,amazonia,,
535,val,534,val_0534,val_230,sim,florestas_nativas,,
536,val,536,val_0536,val_231,nao,sem_context,,
537,val,539,val_0539,val_232,nao,sem_context,,
538,val,543,val_0543,val_233,nao,sem_context,,
539,val,545,val_0545,val_234,nao,sem_context,,
540,val,546,val_0546,val_235,nao,sem_context,,
541,val,547,val_0547,val_236,nao,sem_context,,
542,val,551,val_0551,val_237,nao,sem_context,,
543,val,555,val_0555,val_238,nao,sem_context,,
544,val,556,val_0556,val_239,nao,sem_context,,
545,val,562,val_0562,val_240,sim,amazonia,,
546,val,563,val_0563,val_241,nao,sem_context,,
547,val,564,val_0564,val_242,nao,sem_context,,
548,val,571,val_0571,val_243,nao,sem_context,,
549,val,575,val_0575,val_244,sim,amazonia,,
550,val,577,val_0577,val_245,sim,florestas_nativas,,
551,val,581,val_0581,val_246,nao,sem_context,,
552,val,583,val_0583,val_247,sim,amazonia,,
552,val,583,val_0583,val_247,sim,pantanal,,
552,val,583,val_0583,val_247,sim,mata_atlantica,,
553,val,584,val_0584,val_248,nao,sem_context,,
554,val,588,val_0588,val_249,nao,sem_context,,
555,val,590,val_0590,val_250,sim,mata_atlantica,,
556,val,592,val_0592,val_251,sim,amazonia,,
557,val,594,val_0594,val_252,sim,amazonia,,
558,val,596,val_0596,val_253,nao,sem_context,,
559,val,599,val_0599,val_254,nao,sem_context,,
560,val,601,val_0601,val_255,nao,sem_context,,
561,val,606,val_0606,val_256,nao,sem_context,,
562,val,607,val_0607,val_257,nao,sem_context,,
563,val,608,val_0608,val_258,nao,sem_context,,
564,val,609,val_0609,val_259,nao,sem_context,,
565,val,612,val_0612,val_260,nao,sem_context,,
566,val,615,val_0615,val_261,sim,cerrado,,
566,val,615,val_0615,val_261,sim,amazonia,,
567,val,616,val_0616,val_262,sim,florestas_tropicais,,
568,val,627,val_0627,val_263,nao,sem_context,,
569,val,630,val_0630,val_264,nao,sem_context,,
570,val,635,val_0635,val_265,nao,sem_context,,
571,val,636,val_0636,val_266,nao,sem_context,,
572,val,638,val_0638,val_267,nao,sem_context,,
573,val,643,val_0643,val_268,nao,sem_context,,
574,val,645,val_0645,val_269,nao,sem_context,,
575,val,646,val_0646,val_270,nao,sem_context,,
576,val,647,val_0647,val_271,nao,sem_context,,
577,val,652,val_0652,val_272,nao,sem_context,,
578,val,653,val_0653,val_273,nao,sem_context,,
579,val,660,val_0660,val_274,nao,sem_context,,
580,val,661,val_0661,val_275,nao,sem_context,,
581,val,664,val_0664,val_276,nao,sem_context,,
582,val,665,val_0665,val_277,nao,sem_context,,
583,val,670,val_0670,val_278,nao,sem_context,,
584,val,672,val_0672,val_279,nao,sem_context,,
585,val,674,val_0674,val_280,nao,sem_context,,
586,val,680,val_0680,val_281,nao,sem_context,,
587,val,691,val_0691,val_282,nao,sem_context,,
588,val,692,val_0692,val_283,nao,sem_context,,
589,val,694,val_0694,val_284,nao,sem_context,,
590,val,697,val_0697,val_285,nao,sem_context,,
591,val,698,val_0698,val_286,nao,sem_context,,
592,val,701,val_0701,val_287,nao,sem_context,,
593,val,702,val_0702,val_288,sim,cerrado,,
594,val,707,val_0707,val_289,nao,sem_context,,
595,val,708,val_0708,val_290,sim,mata_atlantica,,
595,val,708,val_0708,val_290,sim,amazonia,,
595,val,708,val_0708,val_290,sim,cerrado,,
595,val,708,val_0708,val_290,sim,pantanal,,
596,val,709,val_0709,val_291,sim,amazonia,,
597,val,710,val_0710,val_292,nao,sem_context,,
598,val,715,val_0715,val_293,nao,sem_context,,
599,val,717,val_0717,val_294,nao,sem_context,,
600,val,720,val_0720,val_295,nao,sem_context,,
601,val,722,val_0722,val_296,nao,sem_context,,
602,val,723,val_0723,val_297,nao,sem_context,,
603,val,724,val_0724,val_298,nao,sem_context,,
604,val,725,val_0725,val_299,nao,sem_context,,
605,val,726,val_0726,val_300,nao,sem_context,,
606,val,728,val_0728,val_301,nao,sem_context,,
607,val,729,val_0729,val_302,nao,sem_context,,
608,val,730,val_0730,val_303,nao,sem_context,,
609,val,732,val_0732,val_304,nao,sem_context,,
610,val,737,val_0737,val_305,sim,amazonia,,
611,val,740,val_0740,val_306,nao,sem_context,,
612,val,741,val_0741,val_307,nao,sem_context,,
613,val,742,val_0742,val_308,nao,sem_context,,
614,val,743,val_0743,val_309,nao,sem_context,,
615,val,745,val_0745,val_310,nao,sem_context,,
616,val,747,val_0747,val_311,nao,sem_context,,
617,val,750,val_0750,val_312,nao,sem_context,,
618,val,754,val_0754,val_313,sim,amazonia,,
619,val,755,val_0755,val_314,sim,amazonia,,
620,val,756,val_0756,val_315,sim,amazonia,,
621,val,758,val_0758,val_316,sim,amazonia,,
622,val,759,val_0759,val_317,nao,sem_context,,
623,val,761,val_0761,val_318,nao,sem_context,,
624,val,762,val_0762,val_319,nao,sem_context,,
625,val,768,val_0768,val_320,nao,sem_context,,
626,val,774,val_0774,val_321,nao,sem_context,,
627,val,776,val_0776,val_322,nao,sem_context,,
628,val,779,val_0779,val_323,sim,amazonia,,
629,val,780,val_0780,val_324,nao,sem_context,,
630,val,785,val_0785,val_325,nao,sem_context,,
631,val,789,val_0789,val_326,nao,sem_context,,
632,val,791,val_0791,val_327,sim,mata_atlantica,,
633,val,798,val_0798,val_328,nao,sem_context,,
634,val,799,val_0799,val_329,nao,sem_context,,
635,val,800,val_0800,val_330,nao,sem_context,,
636,val,810,val_0813,val_331,nao,sem_context,,
637,val,814,val_0814,val_332,nao,sem_context,,
638,val,816,val_0816,val_333,nao,sem_context,,
639,val,827,val_0827,val_334,nao,sem_context,,
640,val,829,val_0829,val_335,nao,sem_context,,
641,val,836,val_0836,val_336,nao,sem_context,,
642,val,839,val_0839,val_337,nao,sem_context,,
643,val,843,val_0843,val_338,nao,sem_context,,
644,val,845,val_0845,val_339,nao,sem_context,,
645,val,851,val_0851,val_340,nao,sem_context,,
646,val,853,val_0853,val_341,nao,sem_context,,
647,val,855,val_0855,val_342,sim,florestas_nativas,,
648,val,857,val_0857,val_343,nao,sem_context,,
649,val,858,val_0858,val_344,sim,amazonia,,
650,val,859,val_0859,val_345,nao,sem_context,,
651,val,862,val_0862,val_346,sim,vegetacao_nativa,,
652,val,864,val_0864,val_347,nao,sem_context,,
653,val,867,val_0867,val_348,sim,amazonia,,
654,val,871,val_0871,val_349,nao,sem_context,,
655,val,873,val_0873,val_350,nao,sem_context,,
656,val,878,val_0878,val_351,nao,sem_context,,
657,val,879,val_0879,val_352,nao,sem_context,,
658,val,880,val_0880,val_353,nao,sem_context,,
659,val,883,val_0883,val_354,nao,sem_context,,
660,val,885,val_0885,val_355,nao,sem_context,,
661,val,888,val_0888,val_356,nao,sem_context,,
662,val,890,val_0890,val_357,nao,sem_context,,
663,val,891,val_0891,val_358,nao,sem_context,,
664,val,892,val_0892,val_359,nao,sem_context,,
665,val,893,val_0893,val_360,nao,sem_context,,
666,val,894,val_0894,val_361,nao,sem_context,,
667,val,895,val_0895,val_362,nao,sem_context,,
668,val,900,val_0900,val_363,nao,sem_context,,
669,val,910,val_0910,val_364,sim,amazonia,,
670,val,918,val_0918,val_365,nao,sem_context,,
671,val,923,val_0923,val_366,nao,sem_context,,
672,val,924,val_0924,val_367,nao,sem_context,,
673,val,928,val_0928,val_368,nao,sem_context,,
674,val,932,val_0932,val_369,nao,sem_context,,
675,val,933,val_0933,val_370,sim,mata_atlantica,,
675,val,933,val_0933,val_370,sim,pantanal,,
675,val,933,val_0933,val_370,sim,amazonia,,
676,val,934,val_0934,val_371,sim,cerrado,,
677,val,935,val_0935,val_372,sim,mata_atlantica,,
678,val,936,val_0936,val_373,nao,sem_context,,
679,val,937,val_0937,val_374,nao,sem_context,,
680,val,938,val_0938,val_375,sim,amazonia,,
680,val,938,val_0938,val_375,sim,mata_atlantica,,
681,val,944,val_0944,val_376,sim,amazonia,,
682,val,950,val_0950,val_377,nao,sem_context,,
683,val,951,val_0951,val_378,nao,sem_context,,
684,val,956,val_0956,val_379,nao,sem_context,,
685,val,959,val_0959,val_380,nao,sem_context,,
686,val,961,val_0961,val_381,nao,sem_context,,
687,val,962,val_0962,val_382,nao,sem_context,,
688,val,966,val_0966,val_383,nao,sem_context,,
689,val,969,val_0969,val_384,sim,amazonia,,
690,val,971,val_0971,val_385,sim,amazonia,,
690,val,971,val_0971,val_385,sim,florestas_nativas,,
691,val,974,val_0974,val_386,sim,florestas,,
692,val,976,val_0976,val_387,nao,sem_context,,
693,val,977,val_0977,val_388,nao,sem_context,,
694,val,978,val_0978,val_389,nao,sem_context,,
695,val,979,val_0979,val_390,sim,amazonia,,
696,val,981,val_0981,val_391,sim,amazonia,,
697,val,985,val_0985,val_392,sim,amazonia,,
698,val,988,val_0988,val_393,sim,cerrado,,
699,val,990,val_0990,val_394,nao,sem_context,,
700,val,991,val_0991,val_395,nao,sem_context,,
701,val,992,val_0992,val_396,sim,amazonia,,
702,val,996,val_0996,val_397,nao,sem_context,,
703,val,1003,val_1003,val_398,nao,sem_context,,
704,val,1005,val_1005,val_399,nao,sem_context,,
705,val,1011,val_1011,val_400,nao,sem_context,,
706,val,1016,val_1016,val_401,nao,sem_context,,
707,val,1019,val_1019,val_402,nao,sem_context,,
708,val,1023,val_1023,val_403,sim,amazonia,,
708,val,1023,val_1023,val_403,sim,cerrado,,
709,val,1024,val_1024,val_404,nao,sem_context,,
710,val,1026,val_1026,val_405,nao,sem_context,,
711,val,1027,val_1027,val_406,nao,sem_context,,
712,val,1028,val_1028,val_407,nao,sem_context,,
713,val,1029,val_1029,val_408,nao,sem_context,,
714,val,1031,val_1031,val_409,nao,sem_context,,
715,val,1032,val_1032,val_410,nao,sem_context,,
716,val,1033,val_1033,val_411,nao,sem_context,,
717,val,1035,val_1035,val_412,nao,sem_context,,
718,val,1038,val_1038,val_413,sim,amazonia,,
719,val,1039,val_1039,val_414,nao,sem_context,,
720,val,1042,val_1042,val_415,nao,sem_context,,
721,val,1044,val_1044,val_416,nao,sem_context,,
722,val,1045,val_1045,val_417,sim,mata_atlantica,,
723,val,1051,val_1051,val_418,nao,sem_context,,
724,val,1052,val_1052,val_419,nao,sem_context,,
725,val,1053,val_1053,val_420,sim,mata_atlantica,,
725,val,1053,val_1053,val_420,sim,amazonia,,
726,val,1054,val_1054,val_421,sim,amazonia,,
727,val,1057,val_1057,val_422,nao,sem_context,,
728,val,1059,val_1059,val_423,nao,sem_context,,
729,val,1060,val_1060,val_424,nao,sem_context,,
730,val,1066,val_1066,val_425,nao,sem_context,,
731,val,1067,val_1067,val_426,nao,sem_context,,
732,val,1068,val_1068,val_427,nao,sem_context,,
733,val,1071,val_1071,val_428,nao,sem_context,,
734,val,1075,val_1075,val_429,nao,sem_context,,
735,val,1076,val_1076,val_430,nao,sem_context,,
736,val,1077,val_1077,val_431,nao,sem_context,,
737,val,1081,val_1081,val_432,nao,sem_context,,
738,val,1086,val_1086,val_433,nao,sem_context,,
739,val,1087,val_1087,val_434,nao,sem_context,,
740,val,1090,val_1090,val_435,nao,sem_context,,
741,val,1091,val_1091,val_436,nao,sem_context,,
742,val,1093,val_1093,val_437,nao,sem_context,,
743,val,1106,val_1106,val_438,nao,sem_context,,
744,val,1108,val_1108,val_439,nao,sem_context,,
745,val,1113,val_1113,val_440,nao,sem_context,,
746,val,1114,val_1114,val_441,nao,sem_context,,
747,val,1117,val_1117,val_442,nao,sem_context,,
748,val,1120,val_1120,val_443,nao,sem_context,,
749,val,1121,val_1121,val_444,nao,sem_context,,
750,val,1124,val_1124,val_445,nao,sem_context,,
751,val,1125,val_1125,val_446,nao,sem_context,,
752,val,1128,val_1128,val_447,sim,cerrado,,
752,val,1128,val_1128,val_447,sim,mata_atlantica,,
752,val,1128,val_1128,val_447,sim,amazonia,,
753,val,1129,val_1129,val_448,nao,sem_context,,
754,val,1130,val_1130,val_449,nao,sem_context,,
755,val,1133,val_1133,val_450,nao,sem_context,,
756,val,1134,val_1134,val_451,nao,sem_context,,
757,val,1135,val_1135,val_452,nao,sem_context,,
758,val,1137,val_1137,val_453,sim,amazonia,,
759,val,1148,val_1148,val_454,sim,amazonia,,
760,val,1149,val_1149,val_455,nao,sem_context,,
761,val,1151,val_1151,val_456,nao,sem_context,,
762,val,1152,val_1152,val_457,sim,amazonia,,
763,val,1153,val_1153,val_458,nao,sem_context,,
764,val,1155,val_1155,val_459,nao,sem_context,,
765,val,1161,val_1161,val_460,nao,sem_context,,
766,val,1165,val_1165,val_461,nao,sem_context,,
767,val,1168,val_1168,val_462,nao,sem_context,,
768,val,1176,val_1176,val_463,nao,sem_context,,
769,val,1177,val_1177,val_464,nao,sem_context,,
770,val,1178,val_1178,val_465,nao,sem_context,,
771,val,1181,val_1181,val_466,nao,sem_context,,
772,val,1185,val_1185,val_467,nao,sem_context,,
773,val,1187,val_1187,val_468,nao,sem_context,,
774,val,1189,val_1189,val_469,nao,sem_context,,
775,val,1190,val_1190,val_470,nao,sem_context,,
776,val,1191,val_1191,val_471,nao,sem_context,,
777,val,1194,val_1194,val_472,nao,sem_context,,
778,val,1196,val_1196,val_473,nao,sem_context,,
779,val,1199,val_1199,val_474,nao,sem_context,,
780,val,1206,val_1206,val_475,nao,sem_context,,
781,val,1208,val_1208,val_476,nao,sem_context,,
782,val,1215,val_1215,val_477,nao,sem_context,,
783,val,1216,val_1216,val_478,nao,sem_context,,
784,val,1219,val_1219,val_479,sim,amazonia,,
785,val,1220,val_1220,val_480,nao,sem_context,,
786,val,1227,val_1227,val_481,nao,sem_context,,